<sheetdata>
  <row r="0">
    <c r="A1" s="style" t="n">
      <v>0</v>
    </c>
  </row>
  <row r="1">
    <c r="B2" s="style" t="n">
      <v>1</v>
    </c>
  </row>
  <row r="2">
    <c r="C3" s="style" t="n">
      <v>2</v>
    </c>
  </row>
  <row r="3">
    <c r="D4" s="style" t="n">
      <v>3</v>
    </c>
  </row>
  <row r="4">
    <c r="E5" s="style" t="n">
      <v>4</v>
    </c>
  </row>
  <row r="5">
    <c r="F6" s="style" t="n">
      <v>5</v>
    </c>
  </row>
  <row r="6">
    <c r="G7" s="style" t="n">
      <v>6</v>
    </c>
  </row>
  <row r="7">
    <c r="H8" s="style" t="n">
      <v>7</v>
    </c>
  </row>
  <row r="8">
    <c r="I9" s="style" t="n">
      <v>8</v>
    </c>
  </row>
  <row r="0">
    <c r="B1" s="style" t="n">
      <v>0</v>
    </c>
    <c r="C1" s="style" t="n">
      <v>1</v>
    </c>
    <c r="D1" s="style" t="n">
      <v>2</v>
    </c>
    <c r="E1" s="style" t="n">
      <v>3</v>
    </c>
  </row>
  <row r="1">
    <c r="B2" s="style" t="n">
      <v>4</v>
    </c>
    <c r="C2" s="style" t="n">
      <v>5</v>
    </c>
    <c r="D2" s="style" t="n">
      <v>6</v>
    </c>
    <c r="E2" s="style" t="n">
      <v>7</v>
    </c>
  </row>
  <row r="2">
    <c r="B3" s="style" t="n">
      <v>8</v>
    </c>
    <c r="C3" s="style" t="n">
      <v>0</v>
    </c>
    <c r="D3" s="style" t="n">
      <v>1</v>
    </c>
    <c r="E3" s="style" t="n">
      <v>2</v>
    </c>
  </row>
  <row r="3">
    <c r="B4" s="style" t="n">
      <v>3</v>
    </c>
    <c r="C4" s="style" t="n">
      <v>4</v>
    </c>
    <c r="D4" s="style" t="n">
      <v>5</v>
    </c>
    <c r="E4" s="style" t="n">
      <v>6</v>
    </c>
  </row>
</sheetdata>
